{"cameraMode":{"drawMode":0,"name":"Shaded","section":"Shading Mode"},"sceneLighting":true,"audioPlay":false,"sceneViewState":{"m_AlwaysRefresh":false,"showFog":true,"showSkybox":true,"showFlares":true,"showImageEffects":true,"showParticleSystems":true,"showVisualEffectGraphs":true,"m_FxEnabled":true},"in2DMode":false,"pivot":{"x":-0.01278272271156311,"y":1.1175442934036255,"z":-9.672281265258789},"rotation":{"x":-0.09864556789398194,"y":0.12534303963184358,"z":0.012520108371973038,"w":0.9871334433555603},"size":0.22723010182380677,"orthographic":false}